Source	Target	Weight	to_first	time_diff	seq_diff	timestamp	tid
2	3	0.94117	False	14604	2	1687939	487
2	3	0.5	True	13159	24	1136229	4
2	3	0.5	True	12609	21	1135679	4
2	3	0.5	True	12500	18	1135570	4
2	3	0.5	True	5722	5	1128792	4
2	3	0.97644	False	5722	5	1128792	4
2	5	0.2	False	703881	5	2164768	297
2	5	0.99976	False	58	2	1653439	482
2	5	0.70035	False	88687	2	1396527	165
2	5	0.97214	False	6783	3	1380397	197
2	5	0.74677	False	72130	7	1380397	197
2	5	0.99577	False	1016	1	1307625	188
2	5	0.99766	False	562	1	1181888	27
2	5	0.99762	False	570	2	1180407	48
2	5	0.97845	False	5228	4	1128792	4
2	7	0.87727	False	31765	3	1523239	160
2	7	0.87704	False	31828	4	1523239	160
2	7	0.5	True	41791	1	1522801	360
2	7	0.84238	False	41791	1	1522801	360
2	7	0.5	True	41588	21	1522526	359
2	7	0.5	True	41504	20	1522442	359
2	8	0.92528	False	18737	3	1349661	226
2	8	0.97988	False	4876	2	1256713	154
2	8	0.5	True	252	1	1129497	6
2	8	0.99895	False	252	1	1129497	6
2	8	0.99916	False	202	1	1128792	4
2	8	0.99426	False	1380	3	1128792	4
2	8	0.5	True	648	1	1128275	5
2	8	0.9973	False	648	1	1128275	5
2	9	0.2227	False	517544	2	2164768	297
2	9	0.89256	False	27522	4	1687939	487
2	9	0.96228	False	9240	4	1455863	160
2	9	0.89086	False	27990	1	1256692	137
2	9	0.98523	False	3567	1	1200523	101
2	11	0.99764	False	567	2	1128792	4
2	12	0.99519	False	1154	2	1529891	177
2	12	0.98275	False	4174	1	1433278	303
2	12	0.98855	False	2761	1	1431734	307
2	12	0.99209	False	1902	1	1431114	297
2	12	0.70097	False	88459	1	1396527	165
2	12	0.77126	False	63913	1	1351386	198
2	12	0.99569	False	1035	1	1350724	227
2	12	0.99546	False	1090	2	1349661	226
2	12	0.99975	False	59	1	1285339	193
2	12	0.5	True	15988	4	1285251	170
2	12	0.99504	False	1191	1	1285251	170
2	12	0.93581	False	15988	4	1285251	170
2	12	0.96685	False	8099	1	1277139	165
2	12	0.95135	False	12000	4	1277139	165
2	12	0.99042	False	2306	1	1274863	174
2	12	0.98747	False	3023	3	1274863	174
2	12	0.98439	False	3772	1	1259704	151
2	12	0.99329	False	1613	1	1258224	60
2	12	0.5	True	42933	3	1256812	123
2	12	0.8431	False	41577	1	1256812	123
2	12	0.5	True	999	1	1214878	123
2	12	0.99584	False	999	1	1214878	123
2	12	0.97555	False	5941	1	1201314	29
2	12	0.97611	False	5804	1	1201075	79
2	12	0.5	True	3724	2	1200523	101
2	12	0.98459	False	3724	2	1200523	101
2	12	0.9887	False	2724	3	1192837	84
2	12	0.99213	False	1894	3	1192378	86
2	12	0.5	True	38781	4	1181408	20
2	12	0.98209	False	4335	1	1181408	20
2	12	0.85267	False	38781	4	1181408	20
2	12	0.98982	False	2453	3	1180407	48
2	12	0.99836	False	393	3	1135570	4
2	12	0.5	True	428	1	1132492	7
2	12	0.99821	False	428	1	1132492	7
2	14	0.5	True	1951	1	2240777	956
2	14	0.99189	False	1951	1	2240777	956
2	14	0.81537	False	49907	7	1523239	160
2	14	0.96318	False	9016	3	1277139	165
2	14	0.9931	False	1659	1	1201426	102
2	14	0.99888	False	269	1	1192837	84
2	14	0.99958	False	101	1	1192378	86
2	14	0.86943	False	33973	3	1181408	20
2	14	0.5	True	28964	2	1178900	31
2	14	0.88733	False	28964	2	1178900	31
2	14	0.99907	False	224	1	1136229	4
2	14	0.9996	False	96	2	1135679	4
2	14	0.99829	False	411	4	1135570	4
2	15	0.5	True	40773	1	2130920	830
2	15	0.84584	False	40773	1	2130920	830
2	16	0.99812	False	450	1	2566047	1144
2	16	0.82479	False	47038	6	2566047	1144
2	16	0.5	True	1548	1	1805739	606
2	16	0.99356	False	1548	1	1805739	606
2	16	0.99732	False	642	1	1805020	496
2	16	0.5	True	5081	2	1431734	307
2	16	0.97905	False	5081	2	1431734	307
2	16	0.5	True	93373	9	1380397	197
2	16	0.99203	False	1917	1	1380397	197
2	16	0.99159	False	2023	2	1380397	197
2	16	0.94461	False	13719	4	1380397	197
2	16	0.68789	False	93373	9	1380397	197
2	16	0.5	True	20954	4	1305600	193
2	16	0.92699	False	18288	1	1305600	193
2	16	0.5	True	693	2	1285339	193
2	16	0.99711	False	693	2	1285339	193
2	16	0.5	True	4270	1	1199982	99
2	16	0.98236	False	4270	1	1199982	99
2	16	0.5	True	32550	4	1185190	36
2	16	0.99886	False	273	1	1185190	36
2	16	0.87447	False	32550	4	1185190	36
2	16	0.87682	False	31890	6	1181888	27
2	16	0.5	True	27422	1	1180826	38
2	16	0.89293	False	27422	1	1180826	38
2	16	0.88937	False	28400	1	1178900	31
2	16	0.5	True	521	1	1134085	10
2	16	0.99783	False	521	1	1134085	10
2	17	0.5	True	29639	2	2639984	1228
2	17	0.89485	False	26895	1	2639984	1228
2	17	0.88489	False	29639	2	2639984	1228
2	17	0.84622	False	40661	5	1523239	160
2	17	0.99519	False	1154	9	1135570	4
2	19	0.5	True	2963	2	1183693	68
2	19	0.98772	False	2963	2	1183693	68
2	20	0.60568	False	127367	10	1975034	634
2	20	0.5	True	16883	2	1869255	640
2	20	0.93237	False	16883	2	1869255	640
2	20	0.96323	False	9002	7	1868273	644
2	20	0.93157	False	17091	2	1258224	60
2	20	0.99792	False	498	5	1135570	4
2	20	0.99458	False	1301	10	1135570	4
2	21	0.99748	False	604	8	1135570	4
2	22	0.83977	False	42561	2	2640911	827
2	22	0.95684	False	10608	2	1185190	36
2	24	0.5	True	135665	19	1975034	634
2	24	0.96715	False	8023	2	1975034	634
2	24	0.79616	False	55889	3	1975034	634
2	24	0.5	True	461	1	1140236	16
2	24	0.99808	False	461	1	1140236	16
2	24	0.99997	False	7	1	1135679	4
2	24	0.99934	False	157	2	1135570	4
2	24	0.99757	False	582	7	1135570	4
2	25	0.99761	False	574	6	1135570	4
2	27	0.5	True	28588	2	1350724	227
2	27	0.88869	False	28588	2	1350724	227
2	27	0.99832	False	403	2	1136229	4
2	28	1.	False	1	1	1135570	4
2	34	0.5	True	3354	2	2387093	1055
2	34	0.98611	False	3354	2	2387093	1055
2	36	0.99043	False	2305	1	1869255	640
2	36	0.5	True	30040	3	1256692	137
2	36	0.88345	False	30040	3	1256692	137
2	38	0.5	True	15365	2	1620695	439
2	38	0.93822	False	15365	2	1620695	439
2	38	0.5	True	3506	2	1201426	102
2	38	0.98548	False	3506	2	1201426	102
2	38	0.5	True	630	1	1182953	72
2	38	0.99737	False	630	1	1182953	72
2	38	0.5	True	615	1	1139833	13
2	38	0.99744	False	615	1	1139833	13
2	40	0.5	True	444	1	1140178	15
2	40	0.99815	False	444	1	1140178	15
2	41	0.5	True	226	1	1140271	17
2	41	0.99906	False	226	1	1140271	17
2	46	0.99478	False	1253	2	1192378	86
2	49	0.98841	False	2795	4	1192837	84
2	52	0.5	True	11633	2	1259704	151
2	52	0.95279	False	11633	2	1259704	151
2	58	0.5	True	52862	5	1203184	33
2	58	0.99861	False	334	1	1203184	33
2	58	0.87849	False	31423	2	1181408	20
2	58	0.5	True	29580	3	1179902	33
2	58	0.9039	False	24435	1	1179902	33
2	58	0.8851	False	29580	3	1179902	33
2	59	0.5	True	52488	3	1201314	29
2	59	0.80701	False	52488	3	1201314	29
2	64	0.5	True	134808	9	1282215	27
2	64	0.5	True	34481	7	1181888	27
2	64	0.86764	False	34481	7	1181888	27
2	76	0.99971	False	70	1	2328761	1033
2	76	0.95509	False	11051	4	2166771	880
2	76	0.89642	False	26467	2	1179902	33
2	77	0.5	True	575	3	1909668	689
2	77	0.99926	False	177	1	1909668	689
2	77	0.5	True	297	1	1909390	689
2	77	0.99876	False	297	1	1909390	689
2	80	0.5	True	22819	1	1778128	570
2	80	0.9099	False	22819	1	1778128	570
2	80	0.5	True	12293	9	1201688	84
2	80	0.97178	False	6873	1	1201688	84
2	80	0.5	True	3442	7	1192837	84
2	80	0.99017	False	2367	2	1192837	84
2	80	0.98793	False	2911	5	1192837	84
2	80	0.98575	False	3442	7	1192837	84
2	80	0.99731	False	645	1	1191022	87
2	80	0.97783	False	5380	3	1181888	27
2	84	0.92685	False	18323	5	1380397	197
2	91	0.5	True	2514	3	1908175	684
2	91	0.99175	False	1986	1	1908175	684
2	91	0.98957	False	2514	3	1908175	684
2	91	0.5	True	21577	1	1179818	40
2	91	0.91455	False	21577	1	1179818	40
2	92	0.5	True	5537	3	1256713	154
2	92	0.98634	False	3298	1	1256713	154
2	92	0.97719	False	5537	3	1256713	154
2	99	0.90936	False	22963	3	1185190	36
2	102	0.5	True	1215253	16	2654957	326
2	102	0.99671	False	790	1	2654957	326
2	102	0.2	False	615369	4	2654957	326
2	102	0.2	False	1027043	9	2654957	326
2	102	0.70057	False	88608	8	2593579	1135
2	102	0.99932	False	164	1	1211926	50
2	102	0.99695	False	731	3	1211926	50
2	102	0.97744	False	5475	7	1211926	50
2	102	0.95998	False	9818	9	1211926	50
2	104	0.99061	False	2261	2	1688741	514
2	104	0.9395	False	15033	3	1285251	170
2	105	0.71346	False	83872	4	2640965	1094
2	105	0.71242	False	84251	3	2640911	827
2	105	0.5	True	222	1	1205228	110
2	105	0.99907	False	222	1	1205228	110
2	108	0.5	True	3370	1	2064518	812
2	108	0.98604	False	3370	1	2064518	812
2	110	0.995	False	1201	6	1634406	455
2	110	0.94541	False	13515	4	1181888	27
2	115	0.5	True	430	1	1203726	108
2	115	0.99821	False	430	1	1203726	108
2	116	0.99233	False	1844	1	1975034	634
2	119	0.5	True	15683	4	1202810	79
2	119	0.5	True	13948	2	1201075	79
2	119	0.94372	False	13948	2	1201075	79
2	119	0.5	True	10732	4	1180407	48
2	119	0.95635	False	10732	4	1180407	48
2	120	0.94436	False	13785	2	1201314	29
2	120	0.94434	False	13788	5	1181888	27
2	123	0.97702	False	5580	1	2236307	429
2	123	0.5	True	14737	3	1691302	507
2	123	0.99139	False	2073	1	1691302	507
2	123	0.5	True	11547	1	1688112	507
2	123	0.95313	False	11547	1	1688112	507
2	123	0.5	True	2170	2	1342090	238
2	123	0.99099	False	2170	2	1342090	238
2	123	0.5	True	42002	15	1211926	50
2	123	0.9397	False	14982	10	1211926	50
2	125	0.99977	False	55	1	2472405	1098
2	125	0.5	True	80967	3	1258224	60
2	125	0.72152	False	80967	3	1258224	60
2	125	0.99931	False	165	1	1180407	48
2	126	0.5	True	42682	1	1350046	213
2	126	0.83936	False	42682	1	1350046	213
2	128	0.95073	False	12157	2	2230491	900
2	133	0.98057	False	4706	3	2574738	1112
2	135	0.98666	False	3219	2	1285251	170
2	139	0.99461	False	1294	2	1181888	27
2	139	0.5	True	4946	1	1179677	58
2	139	0.9796	False	4946	1	1179677	58
2	141	0.98823	False	2838	4	1211926	50
2	141	0.98093	False	4620	6	1211926	50
2	141	0.96615	False	8274	8	1211926	50
2	146	0.97494	False	6093	1	2640965	1094
2	146	0.72187	False	80841	3	2640965	1094
2	146	0.99816	False	441	1	1868273	644
2	146	0.96842	False	7707	3	1868273	644
2	146	0.5	True	27106	1	1349920	229
2	146	0.89408	False	27106	1	1349920	229
2	152	0.5	True	2020	1	1179531	61
2	152	0.99161	False	2020	1	1179531	61
2	153	0.81893	False	48820	6	1523239	160
2	157	0.5	True	560706	23	2640911	827
2	157	0.63821	False	113226	5	2640911	827
2	157	0.2351	False	482155	8	2640911	827
2	157	0.5	True	1582	1	1180206	63
2	157	0.99342	False	1582	1	1180206	63
2	159	0.99421	False	1392	9	1634406	455
2	159	0.99609	False	939	1	1522442	359
2	159	0.51947	False	170498	4	1431465	160
2	159	0.99189	False	1952	1	1290041	188
2	159	0.99373	False	1508	1	1285445	188
2	159	0.5	True	524	1	1192136	90
2	159	0.99781	False	524	1	1192136	90
2	160	0.5	True	8058	5	1692253	514
2	160	0.99816	False	440	1	1692253	514
2	160	0.5	True	4546	3	1688741	514
2	160	0.99772	False	546	1	1688741	514
2	160	0.98123	False	4546	3	1688741	514
2	160	0.80935	False	51763	8	1523239	160
2	160	0.99128	False	2098	1	1455863	160
2	160	0.91439	False	21618	5	1455863	160
2	160	0.5	True	893	3	1437682	321
2	160	0.99773	False	545	1	1437682	321
2	160	0.5	True	195	1	1436984	321
2	160	0.99919	False	195	1	1436984	321
2	160	0.5	True	132563	9	1396527	165
2	160	0.6597	False	104396	3	1396527	165
2	160	0.99664	False	807	1	1349661	226
2	160	0.5	True	7651	1	1349551	239
2	160	0.96865	False	7651	1	1349551	239
2	160	0.5	True	13175	5	1277139	165
2	160	0.96469	False	8637	2	1277139	165
2	160	0.94674	False	13175	5	1277139	165
2	171	0.96603	False	8303	6	1868273	644
2	171	0.96127	False	9495	10	1868273	644
2	171	0.99699	False	721	1	1183693	68
2	174	0.5	True	141787	3	1805020	496
2	174	0.5	True	25247	1	1688480	496
2	174	0.9009	False	25247	1	1688480	496
2	178	0.5	True	482	1	2150928	874
2	178	0.99799	False	482	1	2150928	874
2	178	0.5	True	25384	8	1307625	188
2	178	0.5	True	7800	6	1290041	188
2	178	0.5	True	3204	4	1285445	188
2	178	0.9883	False	2821	2	1285445	188
2	178	0.5	True	108	1	1282349	188
2	178	0.99955	False	108	1	1282349	188
2	178	0.5	True	436	1	1184281	74
2	178	0.99818	False	436	1	1184281	74
2	182	0.26189	False	421989	7	2640911	827
2	184	0.99427	False	1377	1	2379698	1053
2	185	0.5	True	11662	1	2131046	845
2	185	0.95268	False	11662	1	2131046	845
2	185	0.5	True	273	1	1881926	664
2	185	0.99886	False	273	1	1881926	664
2	185	0.5	True	709	1	1881875	663
2	185	0.99704	False	709	1	1881875	663
2	185	0.5	True	3753	1	1546048	403
2	185	0.98447	False	3753	1	1546048	403
2	185	0.5	True	265951	21	1523239	160
2	185	0.94475	False	13685	1	1523239	160
2	185	0.9436	False	13978	2	1523239	160
2	185	0.94828	False	12781	9	1522442	359
2	185	0.5	True	198575	12	1455863	160
2	185	0.98898	False	2655	2	1455863	160
2	185	0.98592	False	3400	3	1455863	160
2	185	0.5	True	174177	6	1431465	160
2	185	0.99351	False	1559	1	1431465	160
2	185	0.55583	False	151173	3	1431465	160
2	185	0.5	True	810	1	1258098	160
2	185	0.99662	False	810	1	1258098	160
2	185	0.9986	False	336	1	1202810	79
2	187	0.95952	False	9934	3	1522442	359
2	187	0.95513	False	11042	5	1522442	359
2	187	0.94941	False	12492	7	1522442	359
2	187	0.5	True	4099	4	1192003	81
2	187	0.5	True	1548	3	1189452	81
2	187	0.99888	False	268	1	1189452	81
2	187	0.5	True	897	1	1188801	81
2	187	0.99626	False	897	1	1188801	81
2	189	0.26242	False	420955	6	2640911	827
2	189	0.99869	False	313	2	1634406	455
2	192	0.5	True	2188	4	1192378	86
2	192	0.99091	False	2188	4	1192378	86
2	194	0.95496	False	11085	5	2166771	880
2	194	0.61593	False	122802	9	1975034	634
2	199	0.23484	False	482832	9	2640911	827
2	199	0.97851	False	5212	2	2387050	1053
2	199	0.5	True	312	3	2328761	1033
2	199	0.99949	False	122	2	2328761	1033
2	199	0.9987	False	312	3	2328761	1033
2	199	0.99316	False	1645	1	2309251	1005
2	199	0.5	True	39933	3	2208748	886
2	199	0.97616	False	5792	1	2208748	886
2	199	0.84871	False	39933	3	2208748	886
2	199	0.5	True	6928	1	1986605	752
2	199	0.97156	False	6928	1	1986605	752
2	199	0.74044	False	74308	5	1975034	634
2	199	0.9934	False	1587	1	1689122	509
2	199	0.98082	False	4647	1	1620695	439
2	199	0.69885	False	89246	8	1380397	197
2	199	0.99747	False	607	2	1211926	50
2	199	0.98572	False	3449	5	1211926	50
2	199	0.98645	False	3272	6	1192837	84
2	207	0.80356	False	53563	2	2640858	1211
2	207	0.5	True	594611	9	1869602	177
2	207	0.98307	False	4096	1	1869602	177
2	207	0.5	True	4177	1	1558568	413
2	207	0.98274	False	4177	1	1558568	413
2	207	0.5	True	271974	7	1546965	177
2	207	0.93665	False	15771	1	1546965	177
2	207	0.5	True	254900	5	1529891	177
2	207	0.9964	False	864	1	1529891	177
2	207	0.99414	False	1409	3	1529891	177
2	207	0.5	True	2357	1	1277348	177
2	207	0.99021	False	2357	1	1277348	177
2	210	0.5	True	1033	1	1973330	742
2	210	0.9957	False	1033	1	1973330	742
2	225	0.74751	False	71876	2	1431465	160
2	225	0.91719	False	20874	6	1380397	197
2	228	0.99392	False	1460	10	1634406	455
2	237	0.5	True	84559	6	2397743	1015
2	237	0.99942	False	140	1	2397743	1015
2	237	0.5	True	83564	4	2396748	1015
2	237	0.99584	False	998	1	2396748	1015
2	237	0.71431	False	83564	4	2396748	1015
2	242	0.73914	False	74761	7	1975034	634
2	248	0.5	True	70783	1	1349776	182
2	248	0.75072	False	70783	1	1349776	182
2	262	0.5	True	722	1	1639539	463
2	262	0.99699	False	722	1	1639539	463
2	265	0.99914	False	207	1	1634406	455
2	265	0.99565	False	1045	5	1634406	455
2	268	0.77389	False	63049	1	1282215	27
2	268	0.5	True	263	1	1212567	120
2	268	0.9989	False	263	1	1212567	120
2	276	0.5	True	314419	1	2505735	909
2	276	0.33507	False	314419	1	2505735	909
2	278	0.5	True	191	1	2328496	1032
2	278	0.9992	False	191	1	2328496	1032
2	278	0.5	True	28244	4	1349661	226
2	278	0.88994	False	28244	4	1349661	226
2	282	0.5	True	648449	2	2236307	429
2	282	0.2	False	648449	2	2236307	429
2	282	0.89026	False	28155	2	1256692	137
2	287	0.98979	False	2460	2	1908175	684
2	307	0.95489	False	11102	3	2238629	850
2	307	0.5	True	574	1	2230587	940
2	307	0.99761	False	574	1	2230587	940
2	307	0.5	True	32559	1	1349997	222
2	307	0.87444	False	32559	1	1349997	222
2	311	0.5	True	3642	2	2309251	1005
2	311	0.98493	False	3642	2	2309251	1005
2	314	0.63955	False	112664	4	2640911	827
2	319	0.5	True	70	1	1455065	338
2	319	0.99971	False	70	1	1455065	338
2	319	0.5	True	3584	4	1274863	174
2	319	0.98872	False	2719	2	1274863	174
2	319	0.98516	False	3584	4	1274863	174
2	333	0.5	True	64051	2	1351386	198
2	333	0.77084	False	64051	2	1351386	198
2	335	0.5	True	57883	3	2640858	1211
2	335	0.78988	False	57883	3	2640858	1211
2	345	0.96926	False	7499	2	1868273	644
2	345	0.96767	False	7894	4	1868273	644
2	346	0.78968	False	57947	2	2396748	1015
2	355	0.5	True	741	3	2575712	1200
2	355	0.99892	False	258	1	2575712	1200
2	355	0.5	True	162	1	2575133	1200
2	355	0.99932	False	162	1	2575133	1200
2	358	0.5	True	6509	1	1634824	451
2	358	0.97325	False	6509	1	1634824	451
2	359	0.5	True	749925	9	2164768	297
2	359	0.20899	False	565641	3	2164768	297
2	359	0.2	False	716802	6	2164768	297
2	359	0.5	True	16271	2	1431114	297
2	359	0.93472	False	16271	2	1431114	297
2	384	0.5	True	65	1	1634536	459
2	384	0.99973	False	65	1	1634536	459
2	384	0.5	True	72684	1	1349765	178
2	384	0.74515	False	72684	1	1349765	178
2	390	0.78487	False	59487	4	1975034	634
2	390	0.5	True	202	1	1278529	181
2	390	0.99916	False	202	1	1278529	181
2	392	0.5	True	70190	1	1349793	183
2	392	0.75246	False	70190	1	1349793	183
2	393	0.5	True	6186	1	2237980	944
2	393	0.97456	False	6186	1	2237980	944
2	393	0.5	True	560	3	1653439	482
2	393	0.99766	False	560	3	1653439	482
2	393	0.5	True	69205	1	1349823	185
2	393	0.75537	False	69205	1	1349823	185
2	399	0.99498	False	1205	7	1634406	455
2	401	0.5	True	470	1	1437816	322
2	401	0.99804	False	470	1	1437816	322
2	402	0.98128	False	4534	2	2574738	1112
2	402	0.9959	False	983	4	1634406	455
2	405	0.9827	False	4186	1	2230491	900
2	407	0.5	True	63232	1	1349851	195
2	407	0.77333	False	63232	1	1349851	195
2	412	0.5	True	63151	1	1349876	196
2	412	0.77358	False	63151	1	1349876	196
2	433	0.5	True	4959	1	2504718	1131
2	433	0.97954	False	4959	1	2504718	1131
2	451	0.5	True	42271	1	1350021	214
2	451	0.84075	False	42271	1	1350021	214
2	456	0.2	False	1014048	7	2654957	326
2	456	0.95728	False	10499	4	1522442	359
2	456	0.95328	False	11509	6	1522442	359
2	456	0.94932	False	12516	8	1522442	359
2	456	0.94625	False	13299	10	1522442	359
2	464	0.5	True	8477	1	1720257	533
2	464	0.96533	False	8477	1	1720257	533
2	467	0.5	True	30753	1	1349950	225
2	467	0.88089	False	30753	1	1349950	225
2	471	0.5	True	532216	1	2166653	458
2	471	0.21817	False	532216	1	2166653	458
2	471	0.99991	False	21	1	1653439	482
2	489	0.87106	False	33512	2	2208748	886
2	489	0.5	True	36981	1	1974309	716
2	489	0.8589	False	36981	1	1974309	716
2	489	0.99614	False	926	3	1634406	455
2	489	0.99464	False	1288	8	1634406	455
2	493	0.99814	False	447	1	1342090	238
2	521	0.5	True	72703	1	2417137	1043
2	521	0.7451	False	72703	1	2417137	1043
2	521	0.5	True	9749	2	1689122	509
2	521	0.96026	False	9749	2	1689122	509
2	521	0.5	True	27004	1	1428011	291
2	521	0.89445	False	27004	1	1428011	291
2	551	0.2	False	1020436	8	2654957	326
2	575	0.5	True	1212	1	1431344	314
2	575	0.99495	False	1212	1	1431344	314
2	597	0.96169	False	9388	9	1868273	644
2	597	0.5	True	11329	2	1433278	303
2	597	0.95399	False	11329	2	1433278	303
2	605	0.74003	False	74450	6	1975034	634
2	613	0.5	True	90663	9	2593579	1135
2	613	0.99271	False	1753	1	2593579	1135
2	613	0.98951	False	2528	3	2593579	1135
2	613	0.95844	False	10206	5	2593579	1135
2	613	0.69506	False	90663	9	2593579	1135
2	623	0.91145	False	22404	7	2593579	1135
2	626	0.5	True	1431	1	2654917	1268
2	626	0.99405	False	1431	1	2654917	1268
2	630	0.5	True	662	1	2575883	1201
2	630	0.99724	False	662	1	2575883	1201
2	631	0.5	True	2855	1	1557417	414
2	631	0.98816	False	2855	1	1557417	414
2	678	0.96464	False	8651	2	1522442	359
2	686	0.5	True	9789	1	1688227	508
2	686	0.9601	False	9789	1	1688227	508
2	696	0.5	True	15795	1	1546097	392
2	696	0.93656	False	15795	1	1546097	392
2	706	0.5	True	111156	8	2238629	850
2	706	0.5	True	16027	4	2143500	850
2	706	0.95035	False	12255	2	2143500	850
2	706	0.93566	False	16027	4	2143500	850
2	712	0.2	False	615577	4	2164768	297
2	739	0.5	True	10758	1	1951218	720
2	739	0.95625	False	10758	1	1951218	720
2	763	0.2	False	1036922	10	2654957	326
2	763	0.9417	False	14467	1	1908405	666
2	763	0.5	True	203	1	1885281	670
2	763	0.99915	False	203	1	1885281	670
2	767	0.97247	False	6702	1	2166771	880
2	776	0.77623	False	62286	3	2396748	1015
2	776	0.9687	False	7637	1	2238629	850
2	776	0.9842	False	3820	1	2143500	850
2	792	0.99118	False	2124	2	2593579	1135
2	792	0.97776	False	5398	4	2593579	1135
2	792	0.91204	False	22245	6	2593579	1135
2	792	0.98369	False	3945	1	2574738	1112
2	792	0.93766	False	15508	3	2143500	850
2	792	0.97172	False	6887	1	2035093	786
2	792	0.96242	False	9205	2	1818347	601
2	794	0.5	True	1620	14	1634406	455
2	806	0.2	False	1011509	6	2654957	326
2	807	0.2	False	1007995	5	2654957	326
2	807	0.5	True	156410	3	2166847	774
2	807	0.54563	False	156410	3	2166847	774
2	807	0.5	True	2352	3	1908702	686
2	807	0.99903	False	232	1	1908702	686
2	807	0.5	True	25545	2	1908405	666
2	807	0.8998	False	25545	2	1908405	666
2	807	0.5	True	1673	1	1908023	686
2	807	0.99304	False	1673	1	1908023	686
2	807	0.5	True	63597	7	1720359	487
2	807	0.96514	False	8524	1	1720359	487
2	807	0.5	True	31177	5	1687939	487
2	807	0.95772	False	10388	1	1687939	487
2	807	0.91134	False	22432	3	1687939	487
2	807	0.87937	False	31177	5	1687939	487
2	823	0.5	True	46539	4	2230491	900
2	823	0.5	True	23795	1	2207747	900
2	823	0.90627	False	23795	1	2207747	900
2	842	0.97238	False	6724	1	2166847	774
2	842	0.95589	False	10848	3	2166771	880
2	844	0.98791	False	2917	1	2387093	1055
2	844	0.5	True	11293	5	2387050	1053
2	844	0.98245	False	4247	1	2387050	1053
2	844	0.5	True	3941	2	2379698	1053
2	844	0.9837	False	3941	2	2379698	1053
2	844	0.5	True	391144	1	2166616	580
2	844	0.27905	False	391144	1	2166616	580
2	852	0.23386	False	485421	10	2640911	827
2	859	0.5	True	5049	3	2237340	946
2	859	0.99621	False	909	1	2237340	946
2	859	0.97918	False	5049	3	2237340	946
2	866	0.72585	False	79425	8	1975034	634
2	880	0.5	True	263	1	1825463	622
2	880	0.9989	False	263	1	1825463	622
2	881	0.5	True	404069	1	2166632	575
2	881	0.27153	False	404069	1	2166632	575
2	897	0.5	True	18643	4	1818347	601
2	897	0.5	True	9372	1	1809076	601
2	897	0.96176	False	9372	1	1809076	601
2	918	0.9923	False	1852	1	1818347	601
2	942	0.5	True	48371	7	2566047	1144
2	942	0.94792	False	12873	2	2566047	1144
2	942	0.94707	False	13090	3	2566047	1144
2	942	0.94188	False	14420	4	2566047	1144
2	942	0.88554	False	29459	5	2566047	1144
2	942	0.8204	False	48371	7	2566047	1144
2	942	0.5	True	7124	2	2035093	786
2	942	0.97077	False	7124	2	2035093	786
2	943	0.5	True	10358	14	1868273	644
2	943	0.96256	False	9170	8	1868273	644
2	944	0.96713	False	8029	5	1868273	644
2	946	0.9378	False	15473	1	2664730	1012
2	951	0.5	True	11219	6	2166771	880
2	951	0.95623	False	10763	2	2166771	880
2	951	0.95443	False	11219	6	2166771	880
2	974	0.5	True	188722	5	2640965	1094
2	974	0.84916	False	39801	2	2640965	1094
2	974	0.48824	False	188722	5	2640965	1094
2	989	0.5	True	21362	1	1951048	701
2	989	0.91535	False	21362	1	1951048	701
2	991	0.5	True	5029	1	1993298	758
2	991	0.97926	False	5029	1	1993298	758
2	994	0.5	True	6888	1	1985067	750
2	994	0.97172	False	6888	1	1985067	750
2	994	0.5	True	15673	1	1951107	714
2	994	0.93703	False	15673	1	1951107	714
2	1011	0.2	False	612163	3	2654957	326
2	1014	0.5	True	1227	1	2417006	1071
2	1014	0.99489	False	1227	1	2417006	1071
2	1016	0.5	True	12409	5	1984951	743
2	1016	0.96885	False	7600	1	1984951	743
2	1016	0.5	True	4715	3	1977257	743
2	1016	0.99901	False	236	1	1977257	743
2	1016	0.5	True	746	1	1973288	743
2	1016	0.99689	False	746	1	1973288	743
2	1026	0.99434	False	1360	1	2164768	297
2	1063	0.5	True	84382	1	2166710	828
2	1063	0.71206	False	84382	1	2166710	828
2	1079	0.5	True	294858	1	2505725	924
2	1079	0.3531	False	294858	1	2505725	924
2	1082	0.96903	False	7555	2	2166847	774
2	1086	0.95831	False	10238	2	2238629	850
2	1086	0.98891	False	2673	2	2237340	946
2	1086	0.5	True	34965	1	2209261	890
2	1086	0.86594	False	34965	1	2209261	890
2	1102	0.99643	False	856	1	2640858	1211
2	1138	0.5	True	353709	3	2664730	1012
2	1138	0.5	True	6260	1	2317281	1012
2	1138	0.97426	False	6260	1	2317281	1012
2	1140	0.99474	False	1264	2	2654957	326
2	1175	0.5	True	111529	4	2574738	1112
2	1175	0.64227	False	111529	4	2574738	1112
2	1182	0.5	True	466	1	2586806	1213
2	1182	0.99806	False	466	1	2586806	1213
2	1200	0.5	True	12874	1	2472504	1107
2	1200	0.94792	False	12874	1	2472504	1107
2	1202	0.5	True	15620	2	2472405	1098
2	1202	0.93723	False	15620	2	2472405	1098
2	1244	0.86697	False	34673	1	2640911	827
2	1258	0.5	True	11009	1	2639902	1231
2	1258	0.95526	False	11009	1	2639902	1231
3	2	0.99947	False	126	1	1818473	601
3	2	0.96166	False	9397	4	1818473	601
3	2	0.97526	False	6012	3	1659451	482
3	2	0.99451	False	1318	6	1137547	4
3	2	0.99223	False	1868	9	1137547	4
3	5	0.56515	False	146503	6	2469235	471
3	5	0.51227	False	174559	2	1671924	365
3	5	0.97503	False	6070	5	1659451	482
3	5	0.98705	False	3124	1	1644353	89
3	9	0.94774	False	12918	2	1673335	487
3	9	0.91041	False	22681	4	1644353	89
3	14	0.77156	False	63815	4	2469235	471
3	14	0.99217	False	1884	1	1647791	471
3	14	0.99358	False	1542	7	1137547	4
3	16	0.5	True	679833	19	2331211	477
3	16	0.97734	False	5500	1	2331211	477
3	16	0.9537	False	11402	3	2331211	477
3	16	0.5	True	22112	3	1673490	477
3	16	0.9133	False	21910	2	1673490	477
3	16	0.91254	False	22112	3	1673490	477
3	17	0.99799	False	483	2	1137547	4
3	20	0.99475	False	1260	5	1137547	4
3	22	0.56102	False	148560	7	2469235	471
3	22	0.56051	False	148816	8	2469235	471
3	22	0.9574	False	10468	2	2331211	477
3	22	0.97934	False	5010	1	1673490	477
3	24	0.99221	False	1875	10	1137547	4
3	27	0.99284	False	1721	8	1137547	4
3	30	0.99507	False	1183	4	1137547	4
3	33	0.99667	False	800	3	1137547	4
3	36	0.9998	False	49	1	1137547	4
3	37	0.5	True	179549	3	1671924	365
3	37	0.69395	False	91082	1	1671924	365
3	37	0.50361	False	179549	3	1671924	365
3	38	0.98836	False	2807	3	1647791	471
3	44	0.98244	False	4249	2	1659451	482
3	45	0.36465	False	283255	3	1539938	89
3	47	0.99025	False	2349	2	1647791	471
3	63	0.5	True	206922	1	2451945	960
3	63	0.45974	False	206922	1	2451945	960
3	68	0.92894	False	17778	2	2469235	471
3	99	0.99696	False	730	1	1196464	89
3	103	0.84845	False	40009	8	1668810	124
3	104	0.75621	False	68922	2	1715691	89
3	104	0.5	True	5729	1	1671623	499
3	104	0.97641	False	5729	1	1671623	499
3	104	0.99169	False	2000	1	1646705	89
3	104	0.7857	False	59221	1	1539938	89
3	105	0.38571	False	263684	5	2331211	477
3	108	0.5	True	550007	1	2451642	683
3	108	0.21309	False	550007	1	2451642	683
3	111	0.97668	False	5663	1	1880875	89
3	128	0.94132	False	14565	3	1644353	89
3	135	0.2	False	631671	10	2331211	477
3	184	0.92389	False	19101	8	2647645	1221
3	189	0.86757	False	34501	6	1668810	124
3	198	0.98552	False	3498	2	1195203	89
3	199	0.5	True	53184	22	2651579	1221
3	199	0.99283	False	1725	1	2651579	1221
3	199	0.5	True	51158	20	2649553	1221
3	199	0.99552	False	1075	1	2649553	1221
3	199	0.5	True	49250	18	2647645	1221
3	199	0.9716	False	6917	4	2647645	1221
3	199	0.93072	False	17313	6	2647645	1221
3	199	0.92936	False	17666	7	2647645	1221
3	199	0.5	True	18588	7	2616983	1221
3	199	0.94931	False	12518	3	2616983	1221
3	199	0.92584	False	18588	7	2616983	1221
3	199	0.37471	False	273672	2	2476036	891
3	199	0.97724	False	5525	1	2293636	981
3	199	0.97171	False	6890	3	2293636	981
3	221	0.99884	False	279	1	1195203	89
3	228	0.91776	False	20722	9	2647645	1221
3	242	0.5	True	454882	62	1668810	124
3	265	0.99689	False	747	2	1668810	124
3	265	0.86375	False	35589	7	1668810	124
3	265	0.95661	False	10667	2	1644353	89
3	265	0.76315	False	66598	7	1644353	89
3	265	0.32199	False	329890	4	1539938	89
3	277	0.77198	False	63676	3	2469235	471
3	282	0.5	True	386870	1	2451753	816
3	282	0.28164	False	386870	1	2451753	816
3	308	0.94822	False	12797	4	2616983	1221
3	339	0.95445	False	11214	2	2616983	1221
3	393	0.5	True	6572	6	1659451	482
3	393	0.99595	False	972	1	1659451	482
3	393	0.973	False	6572	6	1659451	482
3	402	0.5	True	200275	4	2333543	858
3	402	0.4962	False	183916	1	2333543	858
3	402	0.46985	False	200275	4	2333543	858
3	429	0.99879	False	290	1	1668810	124
3	429	0.84544	False	40890	9	1668810	124
3	429	0.84326	False	41531	10	1668810	124
3	471	0.97518	False	6033	4	1659451	482
3	489	0.48831	False	188677	10	2469235	471
3	489	0.48862	False	188487	3	2333543	858
3	506	0.98601	False	3377	3	1668810	124
3	506	0.98548	False	3508	4	1668810	124
3	539	0.5	True	3067	1	1672500	505
3	539	0.98729	False	3067	1	1672500	505
3	577	0.95447	False	11209	1	2616983	1221
3	597	0.2	False	623343	9	2331211	477
3	613	0.92774	False	18091	6	2616983	1221
3	614	0.85809	False	37213	1	1715691	89
3	632	0.77818	False	61651	3	2589662	1142
3	642	0.88939	False	28395	5	1644353	89
3	642	0.88623	False	29268	6	1644353	89
3	642	0.751	False	70687	8	1644353	89
3	642	0.77673	False	62122	2	1539938	89
3	665	0.77069	False	64100	5	2469235	471
3	691	0.94555	False	13479	5	1668810	124
3	724	0.93075	False	17304	1	2469235	471
3	724	0.97702	False	5580	1	2451107	1086
3	781	0.2	False	620857	8	2331211	477
3	792	0.77886	False	61429	2	2589662	1142
3	792	0.96192	False	9331	3	1818473	601
3	807	0.5	True	16573	3	1673335	487
3	807	0.96794	False	7828	1	1673335	487
3	807	0.93356	False	16573	3	1673335	487
3	817	0.9467	False	13185	5	2616983	1221
3	841	0.85355	False	38526	4	2331211	477
3	842	0.5	True	1570	3	2588765	1215
3	842	0.99944	False	133	1	2588765	1215
3	842	0.5	True	1307	1	2588502	1215
3	842	0.99456	False	1307	1	2588502	1215
3	852	0.74268	False	73535	5	2589662	1142
3	852	0.74206	False	73748	6	2589662	1142
3	881	0.99354	False	1553	3	2647645	1221
3	881	0.94347	False	14012	5	2647645	1221
3	881	0.91726	False	20856	10	2647645	1221
3	897	0.5	True	18769	5	1818473	601
3	897	0.92516	False	18769	5	1818473	601
3	899	0.99608	False	940	2	2647645	1221
3	918	0.99178	False	1978	2	1818473	601
3	930	0.23055	False	494424	7	2331211	477
3	937	0.25854	False	428592	6	2331211	477
3	949	0.99801	False	477	1	2647645	1221
3	1072	0.5	True	463	1	2474082	1120
3	1072	0.99807	False	463	1	2474082	1120
3	1077	0.48993	False	187689	2	2333543	858
3	1083	0.5	True	297338	3	2476036	891
3	1083	0.99713	False	689	1	2476036	891
3	1083	0.35072	False	297338	3	2476036	891
3	1105	0.5	True	75862	7	2589662	1142
3	1105	0.78292	False	60114	1	2589662	1142
3	1105	0.7759	False	62392	4	2589662	1142
3	1105	0.73597	False	75862	7	2589662	1142
3	1119	0.5	True	952	1	2450943	1091
3	1119	0.99603	False	952	1	2450943	1091
3	1123	0.49587	False	184115	9	2469235	471
3	1123	0.5	True	10787	4	2293636	981
3	1123	0.97273	False	6638	2	2293636	981
3	1123	0.95614	False	10787	4	2293636	981
3	1180	0.5	True	9340	2	2451107	1086
3	1180	0.96188	False	9340	2	2451107	1086
3	1238	0.5	True	22919	1	2589536	1191
3	1238	0.90953	False	22919	1	2589536	1191
5	2	0.87909	False	31255	3	1462989	307
5	2	0.625	False	118851	6	1460941	238
5	2	0.88441	False	29773	2	1460887	297
5	2	0.5	True	354	1	1396836	283
5	2	0.99852	False	354	1	1396836	283
5	2	0.94514	False	13584	2	1363245	226
5	2	0.65278	False	107198	1	1308512	29
5	2	0.88107	False	30701	2	1307840	165
5	2	0.93358	False	16568	1	1306609	188
5	2	0.9161	False	21164	3	1306609	188
5	2	0.90454	False	24260	6	1306609	188
5	2	0.9495	False	12471	1	1191371	31
5	2	0.99518	False	1157	2	1186347	36
5	2	0.98969	False	2485	2	1182892	48
5	3	0.5	True	678112	19	2322732	471
5	3	0.5	True	449756	18	1641229	89
5	3	0.66749	False	101291	8	1641229	89
5	3	0.5	True	240019	108	1363089	4
5	3	0.5	True	494	1	1123564	4
5	3	0.99794	False	494	1	1123564	4
5	8	0.87529	False	32321	5	1363245	226
5	8	0.85187	False	39013	5	1182471	22
5	9	0.70926	False	85403	7	2524227	1084
5	9	0.80919	False	51812	5	2322732	471
5	9	0.7129	False	84075	4	2319075	722
5	9	0.72362	False	80219	9	2315956	124
5	9	0.92216	False	19557	3	1641229	89
5	9	0.93534	False	16111	2	1462989	307
5	9	0.94101	False	14645	1	1460941	238
5	9	0.74282	False	73488	3	1460941	238
5	12	0.86928	False	34016	4	1462989	307
5	12	0.87759	False	31675	3	1460887	297
5	12	0.9409	False	14674	4	1363245	226
5	12	0.63841	False	113139	2	1308512	29
5	12	0.8526	False	38800	3	1307840	165
5	12	0.83929	False	42701	6	1307840	165
5	12	0.86383	False	35567	6	1307049	158
5	12	0.99713	False	689	1	1186347	36
5	12	0.85318	False	38632	4	1182471	22
5	12	0.99217	False	1883	1	1179837	48
5	14	0.74888	False	71409	7	1638093	407
5	14	0.99801	False	476	2	1496722	367
5	14	0.84945	False	39717	5	1307840	165
5	14	0.5	True	41435	3	1191371	31
5	14	0.84358	False	41435	3	1191371	31
5	16	0.5	True	36336	5	1462989	307
5	16	0.99833	False	400	1	1462989	307
5	16	0.86114	False	36336	5	1462989	307
5	16	0.5	True	86590	6	1373614	197
5	16	0.97153	False	6936	1	1373614	197
5	16	0.5	True	21243	2	1308267	197
5	16	0.9158	False	21243	2	1308267	197
5	16	0.84551	False	40871	2	1191371	31
5	16	0.5	True	33707	6	1186347	36
5	16	0.99405	False	1430	3	1186347	36
5	16	0.87037	False	33707	6	1186347	36
5	16	0.5	True	34894	4	1185173	32
5	16	0.99838	False	389	1	1185173	32
5	16	0.86619	False	34894	4	1185173	32
5	16	0.8745	False	32543	2	1182471	22
5	16	0.87883	False	31328	5	1181326	27
5	22	0.20754	False	571471	8	2526576	719
5	22	0.99145	False	2057	1	2322732	471
5	22	0.9904	False	2313	2	2322732	471
5	22	0.95227	False	11765	4	1186347	36
5	34	0.5	True	748	2	2322242	1025
5	34	0.99688	False	748	2	2322242	1025
5	36	0.20697	False	573791	9	2526576	719
5	37	0.5	True	4990	1	1497365	365
5	37	0.97942	False	4990	1	1497365	365
5	41	0.42442	False	232026	2	2318227	687
5	44	0.29267	False	369631	6	2319075	722
5	44	0.94723	False	13049	5	1742090	550
5	44	0.96169	False	9388	1	1184057	44
5	46	0.5	True	39129	6	1182471	22
5	46	0.85147	False	39129	6	1182471	22
5	49	0.86825	False	34308	4	1307049	158
5	49	0.86713	False	34628	5	1307049	158
5	59	0.5	True	409414	6	2519697	836
5	59	0.27502	False	397973	2	2519697	836
5	59	0.26857	False	409414	6	2519697	836
5	59	0.87966	False	31095	6	2315956	124
5	59	0.5	True	159686	4	1308512	29
5	59	0.53938	False	159686	4	1308512	29
5	64	0.5	True	33919	6	1181326	27
5	64	0.86962	False	33919	6	1181326	27
5	66	0.5	True	93597	13	1638093	407
5	66	0.9701	False	7289	2	1638093	407
5	66	0.93323	False	16658	4	1638093	407
5	66	0.69074	False	92294	10	1638093	407
5	66	0.86977	False	33878	3	1182471	22
5	76	0.26865	False	409256	9	2318227	687
5	76	0.5	True	32140	1	1189198	39
5	76	0.87593	False	32140	1	1189198	39
5	76	0.90212	False	24915	1	1182471	22
5	77	0.5	True	73952	21	2517940	1088
5	77	0.97421	False	6272	1	2517940	1088
5	77	0.9361	False	15913	3	2517940	1088
5	77	0.89896	False	25773	7	2517940	1088
5	80	0.98012	False	4818	2	1181326	27
5	83	0.98624	False	3323	2	2319206	1008
5	84	0.95316	False	11540	2	1373614	197
5	84	0.66301	False	103070	7	1363089	4
5	98	0.91448	False	21594	3	1185173	32
5	98	0.5	True	19819	2	1184057	44
5	98	0.92117	False	19819	2	1184057	44
5	99	0.90506	False	24120	5	1186347	36
5	102	0.9988	False	288	1	1462357	349
5	102	0.91565	False	21284	2	1185173	32
5	103	0.21047	False	559863	7	2526576	719
5	103	0.89952	False	25621	4	2315956	124
5	104	0.53782	False	160512	9	1641229	89
5	104	0.99551	False	1079	1	1496856	366
5	110	0.70253	False	87879	9	1638093	407
5	110	0.94761	False	12953	3	1181326	27
5	111	0.64306	False	111199	1	2318227	687
5	111	0.36102	False	286834	4	2318227	687
5	111	0.36065	False	287201	5	2318227	687
5	111	0.94512	False	13590	1	1184385	49
5	114	0.86559	False	35066	7	2315956	124
5	119	0.5	True	16124	8	1185799	48
5	119	0.9974	False	623	1	1185799	48
5	119	0.5	True	14625	2	1184385	49
5	119	0.94109	False	14625	2	1184385	49
5	119	0.5	True	13217	6	1182892	48
5	119	0.5	True	10162	2	1179837	48
5	119	0.95861	False	10162	2	1179837	48
5	120	0.62008	False	120983	3	1308512	29
5	120	0.94654	False	13226	4	1181326	27
5	123	0.5	True	121021	8	1460941	238
5	123	0.85534	False	38008	2	1460941	238
5	123	0.62	False	121021	8	1460941	238
5	125	0.99033	False	2329	1	1182892	48
5	125	0.98901	False	2650	3	1182892	48
5	128	0.95355	False	11441	2	1641229	89
5	135	0.5	True	13796	2	1188272	57
5	135	0.94431	False	13796	2	1188272	57
5	139	0.99695	False	732	1	1181326	27
5	139	0.5	True	698	2	1181118	67
5	139	0.99709	False	698	2	1181118	67
5	141	0.94666	False	13195	1	1188272	57
5	146	0.64275	False	111328	8	1363089	4
5	152	0.2	False	617483	10	2322732	471
5	153	0.95981	False	9860	3	2315956	124
5	159	0.9261	False	18520	2	1306609	188
5	159	0.91045	False	22672	4	1306609	188
5	160	0.942	False	14391	3	1363245	226
5	160	0.5	True	43876	7	1307840	165
5	160	0.93689	False	15709	1	1307840	165
5	160	0.85075	False	39338	4	1307840	165
5	160	0.83533	False	43876	7	1307840	165
5	160	0.99888	False	268	1	1181118	67
5	163	0.5	True	50791	15	1307049	158
5	163	0.85993	False	36683	7	1307049	158
5	163	0.85972	False	36745	8	1307049	158
5	178	0.5	True	24368	7	1306609	188
5	178	0.90556	False	23985	5	1306609	188
5	178	0.90414	False	24368	7	1306609	188
5	182	0.5	True	13521	7	1742090	550
5	182	0.94539	False	13521	7	1742090	550
5	185	0.5	True	22243	1	2253357	942
5	185	0.91205	False	22243	1	2253357	942
5	185	0.89701	False	26306	1	1307049	158
5	185	0.89656	False	26428	2	1307049	158
5	187	0.5	True	376187	2	1648519	175
5	187	0.28836	False	376187	2	1648519	175
5	192	0.21107	False	557565	6	2526576	719
5	192	0.36407	False	283827	1	1648519	175
5	195	0.5	True	272980	1	1461722	83
5	195	0.37546	False	272980	1	1461722	83
5	199	0.20625	False	576764	10	2526576	719
5	199	0.27065	False	405640	4	2519697	836
5	199	0.99748	False	604	1	2322242	1025
5	199	0.97008	False	7295	3	2320275	1013
5	199	0.5	True	118	1	2319344	1022
5	199	0.99951	False	118	1	2319344	1022
5	199	0.99951	False	117	1	2319206	1008
5	199	0.97218	False	6773	4	2319206	1008
5	199	0.97077	False	7123	6	2319206	1008
5	199	0.96506	False	8546	8	2319206	1008
5	199	0.95081	False	12137	3	1742090	550
5	199	0.93147	False	17116	1	1308267	197
5	204	0.94592	False	13383	6	1742090	550
5	225	0.70945	False	85335	1	2519697	836
5	225	0.5	True	2683	2	1496856	366
5	225	0.98887	False	2683	2	1496856	366
5	225	0.94316	False	14091	3	1373614	197
5	225	0.99129	False	2096	1	1363089	4
5	228	0.9961	False	936	1	2315956	124
5	234	0.5	True	19207	1	2526987	1137
5	234	0.92349	False	19207	1	2526987	1137
5	240	0.5	True	111517	12	2520756	1069
5	240	0.99722	False	666	1	2520756	1069
5	240	0.83422	False	44208	3	2520756	1069
5	240	0.64811	False	109111	4	2520756	1069
5	240	0.64719	False	109489	5	2520756	1069
5	240	0.64613	False	109926	8	2520756	1069
5	240	0.64432	False	110676	10	2520756	1069
5	242	0.5	True	1102028	140	2315956	124
5	242	0.77842	False	61572	3	1363089	4
5	265	0.96908	False	7543	1	1641229	89
5	265	0.7726	False	63474	6	1641229	89
